group_id,member_id,preferred_cuisines,budget,dietary_preference,preferred_restaurant_type,preferred_location,requires_table_booking,prefers_online_order,cuisine_importance,budget_importance,dietary_importance,restaurant_type_importance,location_importance
G001,G001_M1,"Healthy Food, Burger",400,No Preference,Bar,Malleshwaram,0,0,0.119,0.059,0.503,0.077,0.242
G001,G001_M2,Sandwich,1500,Non-Vegetarian,Bar,Electronic City,0,1,0.199,0.061,0.13,0.113,0.498
G001,G001_M3,"Seafood, Fast Food",300,Vegan,Food Court,Bannerghatta Road,0,0,0.119,0.285,0.283,0.231,0.083
G001,G001_M4,Desserts,1500,No Preference,Cafe,Electronic City,0,0,0.031,0.167,0.067,0.147,0.588
G001,G001_M5,Healthy Food,400,Vegetarian,Dessert Parlor,Rajajinagar,1,0,0.653,0.092,0.006,0.074,0.175
G002,G002_M1,Ice Cream,500,No Preference,Bakery,Frazer Town,1,0,0.139,0.347,0.215,0.254,0.045
G002,G002_M2,Momos,600,Non-Vegetarian,"Takeaway, Delivery",BTM,0,1,0.65,0.06,0.065,0.119,0.106
G002,G002_M3,"Asian, Mughlai",1000,Vegetarian,Mess,Whitefield,0,1,0.075,0.006,0.235,0.044,0.64
G002,G002_M4,"American, Seafood",2000,Vegetarian,Sweet Shop,Malleshwaram,0,0,0.29,0.158,0.504,0.045,0.003
G003,G003_M1,Asian,2000,Vegetarian,Mess,BTM,0,1,0.552,0.108,0.058,0.235,0.047
G003,G003_M2,Seafood,1000,No Preference,Fine Dining,Marathahalli,0,0,0.541,0.027,0.002,0.201,0.229
G003,G003_M3,Burger,500,Non-Vegetarian,Bar,BTM,1,1,0.177,0.245,0.185,0.362,0.03
G004,G004_M1,Kerala,1500,Vegetarian,Bakery,Marathahalli,0,1,0.38,0.077,0.134,0.216,0.194
G004,G004_M2,Healthy Food,1500,Vegan,"Casual Dining, Bar",Marathahalli,1,1,0.126,0.358,0.12,0.187,0.208
G004,G004_M3,"Kerala, Rolls",500,No Preference,Delivery,JP Nagar,0,0,0.088,0.143,0.229,0.247,0.293
G004,G004_M4,"Burger, Street Food",300,Vegetarian,Mess,Whitefield,0,1,0.293,0.006,0.042,0.38,0.28
G005,G005_M1,American,500,No Preference,Bakery,Whitefield,1,1,0.506,0.057,0.166,0.06,0.212
G005,G005_M2,Fast Food,750,Vegetarian,Fine Dining,Whitefield,0,1,0.114,0.031,0.286,0.189,0.38
G005,G005_M3,Salad,300,Vegetarian,Beverage Shop,Kalyan Nagar,0,1,0.236,0.355,0.019,0.31,0.08
G006,G006_M1,"Andhra, North Indian",1000,No Preference,Quick Bites,Marathahalli,0,0,0.114,0.176,0.295,0.01,0.404
G006,G006_M2,Arabian,400,Vegetarian,Delivery,Kalyan Nagar,0,1,0.054,0.223,0.493,0.025,0.206
G006,G006_M3,Bakery,1000,Vegetarian,Quick Bites,Indiranagar,0,1,0.344,0.017,0.296,0.01,0.334
G007,G007_M1,Beverages,1500,Vegetarian,Fine Dining,Indiranagar,0,0,0.324,0.376,0.026,0.203,0.071
G007,G007_M2,Juices,2000,Vegetarian,Bar,Bannerghatta Road,1,1,0.333,0.361,0.043,0.056,0.208
G007,G007_M3,"Salad, Bakery",400,No Preference,Mess,Kalyan Nagar,0,1,0.485,0.336,0.036,0.081,0.062
G007,G007_M4,"Bakery, Momos",500,No Preference,Sweet Shop,Bellandur,0,0,0.125,0.077,0.216,0.549,0.034
G007,G007_M5,Mithai,600,No Preference,Food Court,Whitefield,1,1,0.256,0.146,0.016,0.117,0.465
G008,G008_M1,Healthy Food,1000,Non-Vegetarian,Mess,Bannerghatta Road,0,1,0.017,0.33,0.056,0.543,0.055
G008,G008_M2,Healthy Food,300,No Preference,Bar,Basavanagudi,1,0,0.275,0.1,0.075,0.241,0.309
G008,G008_M3,Italian,600,Vegetarian,Casual Dining,Electronic City,1,1,0.093,0.395,0.102,0.008,0.402
G009,G009_M1,Bakery,750,Vegetarian,Dessert Parlor,Sarjapur Road,1,1,0.462,0.189,0.019,0.142,0.188
G009,G009_M2,"Kebab, Bakery",2000,Vegetarian,"Takeaway, Delivery",Rajajinagar,1,1,0.404,0.069,0.418,0.02,0.09
G009,G009_M3,Fast Food,1000,Vegetarian,Delivery,Marathahalli,0,1,0.031,0.635,0.125,0.043,0.165
G010,G010_M1,"Asian, Fast Food",2000,No Preference,Sweet Shop,Basavanagudi,1,0,0.156,0.19,0.266,0.27,0.117
G010,G010_M2,Andhra,400,Vegan,Delivery,JP Nagar,0,0,0.047,0.019,0.332,0.441,0.161
G010,G010_M3,Desserts,600,Vegetarian,Beverage Shop,Koramangala 5th Block,0,1,0.546,0.164,0.008,0.062,0.22
G010,G010_M4,Healthy Food,500,No Preference,Beverage Shop,Kalyan Nagar,0,1,0.487,0.151,0.123,0.079,0.16
G010,G010_M5,Fast Food,2000,Vegetarian,Beverage Shop,Banashankari,0,1,0.204,0.137,0.243,0.258,0.157
G011,G011_M1,Sandwich,2000,No Preference,Fine Dining,JP Nagar,0,1,0.06,0.143,0.385,0.015,0.396
G011,G011_M2,Cafe,400,No Preference,"Beverage Shop, Quick Bites",HSR,0,1,0.054,0.483,0.361,0.076,0.026
G011,G011_M3,Continental,600,No Preference,Quick Bites,Bannerghatta Road,1,1,0.279,0.192,0.027,0.006,0.495
G011,G011_M4,Sandwich,2000,Vegetarian,Delivery,Jayanagar,0,1,0.04,0.18,0.251,0.316,0.214
G011,G011_M5,Fast Food,1000,Vegetarian,Mess,Jayanagar,1,1,0.248,0.32,0.082,0.334,0.017
G012,G012_M1,"Arabian, Pizza",500,No Preference,Delivery,BTM,0,0,0.038,0.304,0.032,0.537,0.089
G012,G012_M2,"American, Continental",2000,Non-Vegetarian,Quick Bites,BTM,1,0,0.253,0.275,0.128,0.197,0.146
G012,G012_M3,Sandwich,2000,Vegetarian,"Casual Dining, Bar",New BEL Road,1,0,0.101,0.338,0.432,0.064,0.065
G012,G012_M4,Burger,500,No Preference,"Casual Dining, Bar",Frazer Town,1,1,0.001,0.453,0.152,0.303,0.091
G013,G013_M1,Cafe,2000,Non-Vegetarian,Quick Bites,New BEL Road,0,1,0.275,0.101,0.31,0.193,0.121
G013,G013_M2,Beverages,500,Vegetarian,Fine Dining,JP Nagar,0,0,0.141,0.156,0.367,0.152,0.184
G013,G013_M3,Arabian,2000,Vegetarian,Fine Dining,Basavanagudi,1,1,0.224,0.073,0.294,0.01,0.4
G013,G013_M4,Biryani,1500,No Preference,Quick Bites,Bellandur,0,1,0.156,0.026,0.476,0.132,0.211
G013,G013_M5,Andhra,400,Vegetarian,Casual Dining,Marathahalli,0,1,0.587,0.072,0.03,0.007,0.304
G014,G014_M1,Italian,600,No Preference,Beverage Shop,Whitefield,0,0,0.026,0.266,0.025,0.586,0.097
G014,G014_M2,Bakery,1000,Vegetarian,Bar,Rajajinagar,0,1,0.131,0.098,0.026,0.742,0.004
G014,G014_M3,"Rolls, Momos",300,Vegetarian,Delivery,Frazer Town,0,1,0.377,0.032,0.282,0.156,0.153
G014,G014_M4,Salad,400,No Preference,Cafe,Whitefield,1,1,0.247,0.383,0.051,0.185,0.135
G014,G014_M5,Momos,500,Non-Vegetarian,Mess,Kalyan Nagar,1,0,0.08,0.067,0.187,0.055,0.611
G015,G015_M1,Cafe,750,Non-Vegetarian,"Casual Dining, Bar",JP Nagar,0,0,0.576,0.318,0.071,0.021,0.014
G015,G015_M2,Andhra,2000,No Preference,"Casual Dining, Bar",Basavanagudi,0,1,0.104,0.17,0.18,0.377,0.169
G015,G015_M3,Beverages,1500,Non-Vegetarian,Delivery,Sarjapur Road,0,1,0.553,0.022,0.172,0.027,0.225
G016,G016_M1,Momos,300,Vegan,Bakery,Jayanagar,0,0,0.121,0.198,0.597,0.057,0.027
G016,G016_M2,Kerala,400,No Preference,Mess,Frazer Town,1,0,0.127,0.332,0.238,0.141,0.161
G016,G016_M3,Rolls,500,No Preference,Food Court,Malleshwaram,1,1,0.002,0.466,0.012,0.446,0.074
G017,G017_M1,"Salad, Rolls",600,Vegetarian,Bakery,HSR,0,1,0.048,0.111,0.528,0.024,0.29
G017,G017_M2,Street Food,600,No Preference,Quick Bites,Rajajinagar,0,1,0.022,0.132,0.537,0.156,0.153
G017,G017_M3,"Cafe, Sandwich",1000,Vegetarian,Casual Dining,BTM,0,1,0.354,0.042,0.23,0.035,0.339
G017,G017_M4,Asian,500,No Preference,Mess,Kalyan Nagar,0,1,0.442,0.11,0.369,0.007,0.072
G018,G018_M1,"Healthy Food, Andhra",300,Non-Vegetarian,Quick Bites,Rajajinagar,0,0,0.478,0.143,0.039,0.278,0.062
G018,G018_M2,Asian,750,Vegetarian,"Casual Dining, Bar",Rajajinagar,0,0,0.136,0.522,0.168,0.15,0.024
G018,G018_M3,Mithai,400,No Preference,Cafe,Whitefield,0,0,0.083,0.241,0.314,0.069,0.293
G018,G018_M4,"Rolls, Kebab",1000,Vegetarian,"Beverage Shop, Quick Bites",Jayanagar,1,1,0.27,0.082,0.139,0.375,0.134
G019,G019_M1,Continental,750,Vegetarian,Casual Dining,BTM,0,0,0.042,0.428,0.057,0.401,0.072
G019,G019_M2,Seafood,1000,Vegetarian,"Takeaway, Delivery",Bannerghatta Road,0,0,0.566,0.228,0.006,0.191,0.01
G019,G019_M3,"Momos, Chinese",300,No Preference,Beverage Shop,Frazer Town,0,1,0.079,0.08,0.305,0.011,0.524
G020,G020_M1,Desserts,2000,Vegetarian,"Beverage Shop, Quick Bites",Kalyan Nagar,0,1,0.401,0.095,0.268,0.116,0.12
G020,G020_M2,"Asian, American",600,Vegetarian,Sweet Shop,Bannerghatta Road,0,1,0.174,0.186,0.283,0.184,0.172
G020,G020_M3,Chinese,1500,Vegetarian,Sweet Shop,Koramangala 5th Block,1,0,0.075,0.117,0.128,0.124,0.556
G020,G020_M4,"Bakery, Desserts",300,Vegan,Mess,Jayanagar,0,1,0.445,0.34,0.073,0.06,0.082
G021,G021_M1,"Seafood, Kerala",400,Vegetarian,"Beverage Shop, Quick Bites",Jayanagar,0,1,0.071,0.192,0.207,0.233,0.297
G021,G021_M2,Rolls,2000,Vegetarian,Casual Dining,Malleshwaram,0,1,0.231,0.446,0.058,0.254,0.011
G021,G021_M3,Continental,750,Vegetarian,Fine Dining,Frazer Town,0,1,0.212,0.56,0.093,0.109,0.026
G021,G021_M4,Desserts,1000,Vegetarian,"Casual Dining, Bar",Banaswadi,0,0,0.008,0.128,0.155,0.051,0.658
G021,G021_M5,"Kerala, Asian",1000,Non-Vegetarian,Mess,Sarjapur Road,1,0,0.229,0.397,0.108,0.104,0.163
G022,G022_M1,Italian,2000,Non-Vegetarian,Food Court,BTM,0,1,0.001,0.653,0.12,0.188,0.037
G022,G022_M2,Italian,400,No Preference,Delivery,Indiranagar,0,0,0.191,0.436,0.338,0.014,0.021
G022,G022_M3,Kerala,600,Vegetarian,Fine Dining,Basavanagudi,1,1,0.338,0.167,0.153,0.032,0.31
G022,G022_M4,Ice Cream,500,No Preference,Sweet Shop,Electronic City,0,1,0.247,0.063,0.267,0.053,0.37
G022,G022_M5,Desserts,750,Vegetarian,Bakery,Jayanagar,0,0,0.217,0.317,0.001,0.422,0.044
G023,G023_M1,"Momos, Street Food",300,Non-Vegetarian,Bar,Sarjapur Road,0,0,0.04,0.244,0.105,0.607,0.005
G023,G023_M2,Seafood,750,No Preference,Mess,Jayanagar,0,0,0.006,0.115,0.494,0.243,0.142
G023,G023_M3,Italian,750,Vegetarian,Bakery,New BEL Road,0,1,0.216,0.116,0.359,0.059,0.249
G024,G024_M1,Chinese,1000,No Preference,Quick Bites,Basavanagudi,0,1,0.12,0.029,0.642,0.153,0.056
G024,G024_M2,Rolls,1000,Vegetarian,Sweet Shop,Marathahalli,0,1,0.011,0.143,0.584,0.031,0.231
G024,G024_M3,"South Indian, Cafe",600,Vegetarian,Bar,Bellandur,1,0,0.366,0.043,0.16,0.366,0.065
G024,G024_M4,Continental,750,Vegetarian,Sweet Shop,Basavanagudi,0,0,0.056,0.663,0.028,0.187,0.066
G025,G025_M1,Healthy Food,750,Vegetarian,Food Court,Malleshwaram,0,1,0.059,0.019,0.018,0.723,0.181
G025,G025_M2,Mithai,500,No Preference,"Takeaway, Delivery",New BEL Road,0,1,0.298,0.415,0.121,0.079,0.087
G025,G025_M3,"Asian, Biryani",750,Vegetarian,Quick Bites,Whitefield,1,0,0.77,0.128,0.037,0.043,0.022
G026,G026_M1,"Biryani, Kerala",500,No Preference,"Casual Dining, Bar",Whitefield,1,0,0.036,0.165,0.23,0.107,0.462
G026,G026_M2,Andhra,500,No Preference,Beverage Shop,Whitefield,0,0,0.105,0.124,0.278,0.116,0.377
G026,G026_M3,Salad,400,Vegan,Beverage Shop,Bellandur,0,1,0.032,0.138,0.358,0.326,0.147
G026,G026_M4,Continental,1000,No Preference,"Casual Dining, Bar",Jayanagar,1,1,0.057,0.048,0.139,0.307,0.448
G027,G027_M1,Continental,1000,No Preference,Casual Dining,Basavanagudi,0,1,0.475,0.11,0.058,0.11,0.248
G027,G027_M2,Seafood,500,Vegetarian,Fine Dining,Malleshwaram,0,1,0.136,0.192,0.094,0.435,0.143
G027,G027_M3,Fast Food,600,Non-Vegetarian,Beverage Shop,HSR,0,0,0.294,0.104,0.133,0.295,0.175
G027,G027_M4,Italian,750,No Preference,Bar,Bellandur,0,0,0.066,0.268,0.237,0.056,0.373
G028,G028_M1,Continental,750,Vegetarian,Bakery,Banashankari,1,0,0.126,0.105,0.253,0.373,0.142
G028,G028_M2,"Sandwich, American",300,Vegetarian,Fine Dining,Whitefield,0,1,0.259,0.04,0.149,0.114,0.438
G028,G028_M3,Fast Food,400,No Preference,Food Court,Jayanagar,0,1,0.277,0.298,0.107,0.065,0.252
G029,G029_M1,Arabian,400,Vegetarian,Cafe,Kalyan Nagar,0,1,0.015,0.2,0.025,0.443,0.318
G029,G029_M2,"Salad, Desserts",1500,Vegetarian,Mess,Indiranagar,1,1,0.22,0.141,0.164,0.341,0.134
G029,G029_M3,Biryani,500,Vegetarian,Quick Bites,Banashankari,1,1,0.07,0.227,0.37,0.014,0.32
G029,G029_M4,"American, Beverages",2000,No Preference,Cafe,Indiranagar,0,1,0.035,0.121,0.144,0.171,0.53
G030,G030_M1,Asian,600,Vegan,Mess,Banaswadi,0,1,0.071,0.037,0.131,0.379,0.381
G030,G030_M2,Cafe,300,Vegetarian,Food Court,Jayanagar,0,1,0.358,0.432,0.139,0.059,0.011
G030,G030_M3,Ice Cream,600,No Preference,Beverage Shop,Rajajinagar,0,1,0.282,0.141,0.031,0.261,0.285
G030,G030_M4,Mithai,500,Vegetarian,Cafe,Bellandur,0,0,0.143,0.798,0.034,0.023,0.002
G030,G030_M5,Cafe,300,Vegetarian,Mess,Bellandur,1,0,0.123,0.139,0.293,0.194,0.25
G031,G031_M1,"Seafood, Biryani",750,Non-Vegetarian,Quick Bites,Marathahalli,0,1,0.076,0.215,0.054,0.371,0.284
G031,G031_M2,"Beverages, Pizza",400,Vegetarian,Mess,HSR,0,1,0.333,0.209,0.294,0.035,0.13
G031,G031_M3,South Indian,1000,Non-Vegetarian,"Beverage Shop, Quick Bites",Sarjapur Road,0,0,0.08,0.137,0.183,0.463,0.137
G032,G032_M1,Biryani,500,Non-Vegetarian,Sweet Shop,Rajajinagar,0,1,0.269,0.25,0.364,0.063,0.053
G032,G032_M2,"Andhra, Pizza",300,No Preference,"Casual Dining, Bar",Banashankari,0,1,0.161,0.128,0.607,0.049,0.055
G032,G032_M3,Momos,400,Vegan,"Takeaway, Delivery",Bannerghatta Road,0,1,0.497,0.414,0.017,0.002,0.07
G032,G032_M4,Beverages,400,No Preference,"Takeaway, Delivery",Kalyan Nagar,0,0,0.025,0.159,0.467,0.085,0.265
G032,G032_M5,Chinese,2000,Non-Vegetarian,Beverage Shop,Banaswadi,0,1,0.025,0.044,0.196,0.082,0.652
G033,G033_M1,Asian,300,No Preference,"Casual Dining, Bar",Banashankari,0,1,0.135,0.377,0.051,0.098,0.339
G033,G033_M2,"Salad, Seafood",500,Vegetarian,"Takeaway, Delivery",BTM,0,1,0.481,0.27,0.133,0.084,0.032
G033,G033_M3,Bakery,600,Vegan,"Casual Dining, Bar",Malleshwaram,0,1,0.138,0.206,0.102,0.239,0.316
G033,G033_M4,Chinese,2000,Vegetarian,Cafe,BTM,1,0,0.206,0.042,0.624,0.004,0.125
G034,G034_M1,Continental,500,No Preference,Dessert Parlor,Banashankari,0,0,0.093,0.092,0.01,0.738,0.068
G034,G034_M2,Asian,500,Non-Vegetarian,"Beverage Shop, Quick Bites",Rajajinagar,0,1,0.458,0.017,0.103,0.071,0.351
G034,G034_M3,Continental,1000,Vegetarian,Bakery,Electronic City,0,1,0.056,0.406,0.423,0.066,0.049
G034,G034_M4,Healthy Food,1500,No Preference,Dessert Parlor,Electronic City,0,0,0.253,0.287,0.182,0.272,0.006
G034,G034_M5,Burger,500,Non-Vegetarian,Bar,BTM,0,1,0.242,0.301,0.225,0.147,0.085
G035,G035_M1,South Indian,400,No Preference,Food Court,Electronic City,1,1,0.269,0.2,0.23,0.121,0.18
G035,G035_M2,"South Indian, Burger",300,Non-Vegetarian,"Takeaway, Delivery",Basavanagudi,0,0,0.306,0.018,0.56,0.086,0.03
G035,G035_M3,Arabian,500,Vegetarian,Delivery,Koramangala 5th Block,0,1,0.284,0.471,0.124,0.108,0.013
G036,G036_M1,Juices,750,Vegetarian,Quick Bites,BTM,1,1,0.037,0.246,0.086,0.471,0.16
G036,G036_M2,"Chinese, North Indian",1000,No Preference,"Casual Dining, Bar",Sarjapur Road,0,1,0.231,0.057,0.073,0.188,0.451
G036,G036_M3,"Chinese, Ice Cream",1000,No Preference,Bar,Jayanagar,0,0,0.165,0.655,0.089,0.012,0.078
G037,G037_M1,Juices,300,Vegetarian,"Beverage Shop, Quick Bites",Basavanagudi,0,0,0.057,0.21,0.075,0.559,0.099
G037,G037_M2,Ice Cream,1000,Vegetarian,Bar,New BEL Road,1,1,0.036,0.318,0.015,0.234,0.397
G037,G037_M3,Rolls,1500,Vegetarian,Cafe,Basavanagudi,0,1,0.157,0.079,0.19,0.016,0.558
G037,G037_M4,"Salad, North Indian",1500,Vegetarian,Mess,BTM,0,0,0.202,0.022,0.209,0.296,0.272
G038,G038_M1,Kerala,2000,Non-Vegetarian,Beverage Shop,Rajajinagar,0,0,0.079,0.076,0.424,0.164,0.257
G038,G038_M2,"American, Italian",600,No Preference,Mess,Basavanagudi,0,1,0.16,0.633,0.019,0.082,0.107
G038,G038_M3,"Burger, Asian",1500,Vegetarian,Cafe,Banashankari,0,1,0.008,0.131,0.191,0.669,0.001
G038,G038_M4,"Andhra, Fast Food",600,Vegetarian,Sweet Shop,Jayanagar,1,0,0.107,0.353,0.069,0.285,0.187
G038,G038_M5,"Italian, Seafood",750,No Preference,Quick Bites,HSR,0,1,0.032,0.22,0.094,0.244,0.409
G039,G039_M1,"Mithai, South Indian",1500,Vegetarian,Beverage Shop,Jayanagar,0,0,0.08,0.105,0.212,0.319,0.283
G039,G039_M2,"Mughlai, Desserts",2000,Vegetarian,Bakery,Koramangala 5th Block,0,1,0.167,0.167,0.405,0.057,0.205
G039,G039_M3,"Seafood, Italian",300,No Preference,Mess,Bannerghatta Road,1,0,0.13,0.095,0.112,0.371,0.292
G040,G040_M1,"Asian, North Indian",1500,No Preference,Quick Bites,Bannerghatta Road,0,0,0.49,0.044,0.013,0.3,0.153
G040,G040_M2,"Arabian, Healthy Food",1500,No Preference,Sweet Shop,Kalyan Nagar,1,0,0.146,0.122,0.245,0.017,0.468
G040,G040_M3,South Indian,500,Non-Vegetarian,Casual Dining,Rajajinagar,0,0,0.009,0.482,0.195,0.247,0.067
G040,G040_M4,"South Indian, American",500,Vegetarian,Quick Bites,Bellandur,0,0,0.901,0.046,0.01,0.037,0.007
G041,G041_M1,Momos,750,Vegetarian,Fine Dining,Jayanagar,0,0,0.065,0.412,0.099,0.424,0.0
G041,G041_M2,Ice Cream,300,No Preference,Delivery,Basavanagudi,0,1,0.126,0.013,0.5,0.046,0.315
G041,G041_M3,Juices,2000,Vegetarian,Quick Bites,Kalyan Nagar,0,0,0.106,0.119,0.009,0.071,0.695
G042,G042_M1,Bakery,500,No Preference,Quick Bites,Koramangala 5th Block,0,1,0.195,0.352,0.236,0.162,0.056
G042,G042_M2,Sandwich,1000,No Preference,Beverage Shop,Bannerghatta Road,0,1,0.057,0.41,0.11,0.061,0.363
G042,G042_M3,Sandwich,600,No Preference,Mess,Kalyan Nagar,0,1,0.028,0.208,0.365,0.094,0.304
G042,G042_M4,"Mughlai, Salad",1000,Vegetarian,"Casual Dining, Bar",Bannerghatta Road,1,0,0.279,0.057,0.383,0.218,0.063
G042,G042_M5,Desserts,1500,Vegetarian,Bar,Electronic City,0,1,0.111,0.159,0.178,0.449,0.103
G043,G043_M1,"Healthy Food, Cafe",750,Vegetarian,Mess,BTM,0,0,0.01,0.09,0.191,0.454,0.256
G043,G043_M2,Pizza,500,Vegan,Quick Bites,Bellandur,0,0,0.248,0.221,0.209,0.152,0.17
G043,G043_M3,Rolls,400,Vegan,"Casual Dining, Bar",Indiranagar,0,1,0.11,0.015,0.596,0.121,0.158
G043,G043_M4,Mithai,1500,Vegetarian,Casual Dining,Frazer Town,0,1,0.385,0.184,0.172,0.051,0.208
G044,G044_M1,Momos,1000,No Preference,Delivery,BTM,1,1,0.156,0.023,0.003,0.716,0.102
G044,G044_M2,North Indian,600,Non-Vegetarian,Quick Bites,HSR,0,1,0.008,0.073,0.117,0.03,0.773
G044,G044_M3,Ice Cream,2000,Non-Vegetarian,Sweet Shop,Bellandur,0,1,0.025,0.1,0.262,0.61,0.003
G044,G044_M4,Healthy Food,750,Vegetarian,"Beverage Shop, Quick Bites",Basavanagudi,1,0,0.036,0.212,0.382,0.109,0.261
G045,G045_M1,Biryani,750,Non-Vegetarian,"Takeaway, Delivery",Malleshwaram,0,0,0.464,0.163,0.012,0.271,0.089
G045,G045_M2,Desserts,750,No Preference,Casual Dining,Electronic City,0,1,0.135,0.04,0.45,0.125,0.251
G045,G045_M3,"Arabian, Street Food",400,Vegetarian,Food Court,Whitefield,1,1,0.448,0.009,0.412,0.008,0.122
G045,G045_M4,"Mithai, Italian",1500,Vegetarian,Dessert Parlor,Banashankari,0,1,0.147,0.415,0.17,0.126,0.141
G045,G045_M5,"Kerala, Italian",400,No Preference,Delivery,New BEL Road,0,1,0.397,0.003,0.529,0.007,0.064
G046,G046_M1,Sandwich,1000,No Preference,Food Court,Jayanagar,0,1,0.332,0.03,0.045,0.237,0.356
G046,G046_M2,South Indian,1500,Vegetarian,Mess,Banaswadi,0,0,0.307,0.018,0.246,0.365,0.064
G046,G046_M3,"American, Salad",500,Vegetarian,Dessert Parlor,Indiranagar,1,1,0.608,0.104,0.027,0.144,0.117
G047,G047_M1,"North Indian, Biryani",2000,Vegan,Bakery,JP Nagar,0,0,0.256,0.231,0.187,0.154,0.172
G047,G047_M2,Burger,300,Vegetarian,Cafe,Koramangala 5th Block,1,1,0.277,0.023,0.196,0.341,0.163
G047,G047_M3,Rolls,1500,Vegetarian,Bakery,Banashankari,1,1,0.085,0.217,0.055,0.131,0.512
G048,G048_M1,Andhra,400,Non-Vegetarian,Mess,BTM,0,0,0.358,0.341,0.217,0.059,0.025
G048,G048_M2,Continental,2000,No Preference,Dessert Parlor,BTM,1,1,0.145,0.149,0.019,0.269,0.418
G048,G048_M3,South Indian,1500,Vegetarian,Beverage Shop,Malleshwaram,0,0,0.017,0.492,0.06,0.026,0.405
G048,G048_M4,"Ice Cream, Pizza",1000,Non-Vegetarian,"Casual Dining, Bar",Basavanagudi,1,0,0.274,0.379,0.067,0.204,0.075
G048,G048_M5,"Biryani, Seafood",400,No Preference,Sweet Shop,Marathahalli,0,1,0.153,0.155,0.194,0.369,0.129
G049,G049_M1,Bakery,2000,Vegetarian,"Takeaway, Delivery",Marathahalli,0,0,0.392,0.262,0.067,0.162,0.117
G049,G049_M2,Mughlai,500,Non-Vegetarian,Casual Dining,Malleshwaram,0,1,0.131,0.043,0.453,0.055,0.317
G049,G049_M3,"Burger, Beverages",400,No Preference,"Beverage Shop, Quick Bites",Bellandur,1,0,0.16,0.687,0.022,0.029,0.102
G049,G049_M4,"Beverages, Bakery",500,Non-Vegetarian,Food Court,Electronic City,0,0,0.021,0.141,0.428,0.111,0.3
G049,G049_M5,Continental,2000,No Preference,Bar,Basavanagudi,0,0,0.125,0.275,0.411,0.027,0.162
G050,G050_M1,Fast Food,600,Vegetarian,Bakery,Whitefield,0,0,0.12,0.054,0.664,0.08,0.081
G050,G050_M2,Ice Cream,400,Non-Vegetarian,Sweet Shop,Jayanagar,0,0,0.501,0.238,0.104,0.14,0.017
G050,G050_M3,"Pizza, Juices",400,No Preference,Delivery,Malleshwaram,0,0,0.043,0.003,0.342,0.544,0.068
G050,G050_M4,Salad,500,No Preference,"Takeaway, Delivery",BTM,1,1,0.031,0.229,0.266,0.048,0.426
G050,G050_M5,Mughlai,300,Non-Vegetarian,Cafe,Jayanagar,0,1,0.028,0.31,0.143,0.026,0.493
G051,G051_M1,Kebab,2000,Vegetarian,Bar,Basavanagudi,0,0,0.075,0.091,0.339,0.381,0.114
G051,G051_M2,Italian,300,Vegan,Cafe,Rajajinagar,1,1,0.119,0.096,0.104,0.491,0.19
G051,G051_M3,Kerala,600,Non-Vegetarian,Quick Bites,Whitefield,1,1,0.192,0.136,0.374,0.252,0.045
G051,G051_M4,"Chinese, North Indian",500,Non-Vegetarian,Bakery,HSR,1,0,0.195,0.242,0.049,0.466,0.048
G052,G052_M1,Asian,400,Vegetarian,Delivery,Malleshwaram,1,0,0.173,0.138,0.224,0.142,0.323
G052,G052_M2,Pizza,2000,Non-Vegetarian,Delivery,Indiranagar,0,0,0.01,0.022,0.867,0.0,0.1
G052,G052_M3,Ice Cream,300,No Preference,Beverage Shop,JP Nagar,0,0,0.328,0.097,0.113,0.359,0.103
G052,G052_M4,North Indian,300,Non-Vegetarian,Casual Dining,Jayanagar,0,1,0.492,0.035,0.241,0.074,0.159
G053,G053_M1,Fast Food,600,Vegetarian,Dessert Parlor,Whitefield,1,0,0.319,0.15,0.261,0.227,0.042
G053,G053_M2,Bakery,1500,Non-Vegetarian,Quick Bites,Whitefield,0,1,0.057,0.059,0.493,0.234,0.157
G053,G053_M3,Biryani,1000,Vegetarian,Beverage Shop,Whitefield,0,1,0.076,0.064,0.233,0.237,0.391
G053,G053_M4,Biryani,400,Vegetarian,Sweet Shop,Kalyan Nagar,0,1,0.21,0.129,0.049,0.324,0.288
G054,G054_M1,Salad,300,Vegan,Fine Dining,Malleshwaram,0,1,0.082,0.113,0.225,0.124,0.456
G054,G054_M2,Asian,2000,Non-Vegetarian,Fine Dining,Frazer Town,1,1,0.357,0.121,0.249,0.138,0.135
G054,G054_M3,Juices,1000,Vegetarian,Quick Bites,New BEL Road,0,1,0.412,0.093,0.169,0.266,0.061
G054,G054_M4,Andhra,2000,Vegetarian,Bar,Banashankari,0,0,0.058,0.794,0.033,0.109,0.006
G054,G054_M5,Desserts,500,Vegetarian,"Beverage Shop, Quick Bites",Malleshwaram,0,1,0.255,0.26,0.016,0.087,0.382
G055,G055_M1,"Rolls, Andhra",600,Non-Vegetarian,Quick Bites,Banashankari,0,0,0.204,0.018,0.228,0.549,0.001
G055,G055_M2,Healthy Food,500,Vegan,Mess,Bellandur,0,0,0.207,0.016,0.069,0.51,0.197
G055,G055_M3,Healthy Food,300,No Preference,Cafe,Jayanagar,0,0,0.211,0.392,0.036,0.158,0.201
G056,G056_M1,"South Indian, Burger",500,Vegetarian,Cafe,BTM,0,1,0.066,0.28,0.046,0.485,0.123
G056,G056_M2,Ice Cream,400,Non-Vegetarian,Fine Dining,Whitefield,0,1,0.01,0.409,0.195,0.215,0.171
G056,G056_M3,"Cafe, Salad",2000,Vegetarian,"Takeaway, Delivery",Jayanagar,0,1,0.559,0.108,0.098,0.09,0.145
G056,G056_M4,Sandwich,1000,Vegetarian,Bar,Basavanagudi,0,0,0.034,0.224,0.253,0.04,0.449
G057,G057_M1,Italian,1500,Vegan,Food Court,Rajajinagar,0,1,0.011,0.599,0.131,0.137,0.122
G057,G057_M2,South Indian,400,Non-Vegetarian,Casual Dining,Koramangala 5th Block,1,1,0.482,0.1,0.14,0.105,0.174
G057,G057_M3,Mughlai,750,No Preference,"Takeaway, Delivery",BTM,1,1,0.076,0.381,0.347,0.025,0.172
G057,G057_M4,Beverages,400,Vegetarian,Fine Dining,Banaswadi,1,0,0.168,0.122,0.459,0.134,0.116
G058,G058_M1,"Mughlai, Kerala",2000,Vegetarian,"Casual Dining, Bar",Marathahalli,1,0,0.057,0.092,0.422,0.395,0.034
G058,G058_M2,Healthy Food,500,Vegetarian,Fine Dining,New BEL Road,1,0,0.066,0.094,0.052,0.13,0.658
G058,G058_M3,Rolls,400,Non-Vegetarian,"Beverage Shop, Quick Bites",Jayanagar,1,1,0.018,0.306,0.528,0.054,0.095
G058,G058_M4,"Mithai, Arabian",1500,No Preference,"Casual Dining, Bar",Koramangala 5th Block,0,1,0.568,0.104,0.055,0.143,0.131
G058,G058_M5,Momos,1500,Vegetarian,Sweet Shop,Sarjapur Road,1,1,0.222,0.243,0.392,0.0,0.142
G059,G059_M1,Mughlai,750,Vegetarian,Bar,Basavanagudi,1,0,0.508,0.079,0.228,0.18,0.005
G059,G059_M2,"Ice Cream, Fast Food",500,Vegetarian,Beverage Shop,HSR,1,0,0.229,0.008,0.355,0.29,0.118
G059,G059_M3,Continental,1000,No Preference,Mess,JP Nagar,0,0,0.306,0.077,0.183,0.359,0.075
G060,G060_M1,Healthy Food,300,Vegan,Food Court,Banashankari,1,1,0.183,0.243,0.014,0.28,0.281
G060,G060_M2,"Arabian, Beverages",2000,No Preference,Fine Dining,Banashankari,1,0,0.253,0.068,0.016,0.501,0.162
G060,G060_M3,Sandwich,1000,Vegan,Beverage Shop,Kalyan Nagar,0,1,0.031,0.705,0.053,0.076,0.135
G060,G060_M4,South Indian,2000,Vegetarian,Quick Bites,JP Nagar,0,1,0.081,0.125,0.186,0.397,0.212
G060,G060_M5,Ice Cream,500,No Preference,Cafe,Indiranagar,0,1,0.044,0.113,0.259,0.352,0.233
G061,G061_M1,Fast Food,750,Vegan,Cafe,Whitefield,0,0,0.623,0.028,0.109,0.074,0.166
G061,G061_M2,Mithai,600,Vegetarian,Food Court,Kalyan Nagar,0,0,0.084,0.464,0.073,0.295,0.084
G061,G061_M3,"Mughlai, Arabian",600,No Preference,Dessert Parlor,HSR,0,0,0.305,0.296,0.065,0.076,0.258
G062,G062_M1,"American, Healthy Food",750,Vegetarian,Cafe,Basavanagudi,1,1,0.241,0.083,0.563,0.006,0.107
G062,G062_M2,"Street Food, American",300,No Preference,"Takeaway, Delivery",Banashankari,0,1,0.316,0.373,0.173,0.095,0.043
G062,G062_M3,"Desserts, Mughlai",500,No Preference,"Beverage Shop, Quick Bites",Whitefield,0,1,0.185,0.074,0.173,0.385,0.183
G062,G062_M4,"Chinese, Beverages",1000,Non-Vegetarian,Bakery,Banaswadi,0,0,0.34,0.008,0.408,0.143,0.101
G062,G062_M5,Pizza,400,No Preference,Dessert Parlor,JP Nagar,0,1,0.374,0.064,0.087,0.436,0.04
G063,G063_M1,Asian,400,Vegetarian,"Beverage Shop, Quick Bites",Electronic City,0,0,0.031,0.062,0.168,0.446,0.293
G063,G063_M2,"Burger, Bakery",750,Vegetarian,Quick Bites,Banashankari,0,1,0.489,0.008,0.283,0.122,0.098
G063,G063_M3,Salad,300,Vegetarian,"Beverage Shop, Quick Bites",Bannerghatta Road,0,1,0.148,0.092,0.454,0.008,0.299
G063,G063_M4,"Bakery, Burger",600,Vegetarian,Sweet Shop,Banashankari,1,1,0.032,0.22,0.135,0.198,0.414
G064,G064_M1,Asian,300,Vegetarian,"Takeaway, Delivery",Rajajinagar,0,1,0.022,0.047,0.023,0.495,0.413
G064,G064_M2,"Seafood, South Indian",300,No Preference,Delivery,BTM,0,1,0.166,0.025,0.368,0.347,0.094
G064,G064_M3,Italian,1000,Vegetarian,Mess,Jayanagar,0,0,0.063,0.139,0.018,0.721,0.059
G065,G065_M1,Pizza,750,Vegan,Sweet Shop,Banaswadi,0,0,0.271,0.052,0.39,0.105,0.182
G065,G065_M2,Rolls,1500,Vegetarian,Cafe,Banaswadi,0,1,0.232,0.409,0.095,0.13,0.135
G065,G065_M3,Kebab,500,Vegetarian,Delivery,Indiranagar,1,1,0.054,0.082,0.419,0.157,0.289
G065,G065_M4,Pizza,500,No Preference,Bar,HSR,0,0,0.147,0.063,0.575,0.047,0.167
G066,G066_M1,"Momos, North Indian",2000,No Preference,Sweet Shop,Malleshwaram,0,1,0.087,0.079,0.034,0.095,0.704
G066,G066_M2,Seafood,1500,Vegetarian,Mess,Marathahalli,0,0,0.128,0.296,0.107,0.123,0.346
G066,G066_M3,"Chinese, Rolls",400,No Preference,Sweet Shop,Frazer Town,0,0,0.665,0.007,0.071,0.07,0.187
G067,G067_M1,"Sandwich, South Indian",1500,Vegetarian,Casual Dining,HSR,0,0,0.131,0.17,0.194,0.271,0.234
G067,G067_M2,"Andhra, Chinese",2000,Vegetarian,"Casual Dining, Bar",Banashankari,1,1,0.312,0.362,0.211,0.051,0.064
G067,G067_M3,Sandwich,300,Vegetarian,Delivery,New BEL Road,0,1,0.125,0.187,0.118,0.436,0.134
G067,G067_M4,"Mughlai, North Indian",300,No Preference,Casual Dining,Kalyan Nagar,0,1,0.371,0.072,0.145,0.281,0.131
G068,G068_M1,Rolls,400,Vegetarian,Bakery,Jayanagar,0,1,0.347,0.182,0.262,0.148,0.06
G068,G068_M2,Pizza,600,Non-Vegetarian,"Casual Dining, Bar",New BEL Road,0,0,0.336,0.193,0.046,0.142,0.282
G068,G068_M3,"Ice Cream, Asian",1000,No Preference,"Casual Dining, Bar",HSR,0,1,0.152,0.575,0.076,0.186,0.011
G068,G068_M4,North Indian,400,Vegetarian,Sweet Shop,Koramangala 5th Block,1,1,0.06,0.241,0.29,0.209,0.2
G068,G068_M5,Sandwich,400,No Preference,Cafe,Rajajinagar,0,0,0.063,0.104,0.341,0.21,0.281
G069,G069_M1,Cafe,750,No Preference,Bakery,Banashankari,1,0,0.266,0.148,0.045,0.295,0.247
G069,G069_M2,North Indian,400,Vegetarian,Quick Bites,Malleshwaram,0,1,0.224,0.372,0.021,0.048,0.335
G069,G069_M3,Mughlai,2000,Vegan,Delivery,JP Nagar,1,1,0.021,0.362,0.173,0.353,0.092
G069,G069_M4,Healthy Food,400,Vegetarian,"Casual Dining, Bar",Basavanagudi,1,1,0.52,0.089,0.204,0.066,0.121
G069,G069_M5,Mughlai,500,No Preference,"Beverage Shop, Quick Bites",Malleshwaram,0,1,0.293,0.349,0.007,0.132,0.218
G070,G070_M1,"Pizza, Ice Cream",1500,Vegetarian,Mess,Basavanagudi,0,0,0.073,0.1,0.333,0.214,0.281
G070,G070_M2,Sandwich,1500,Non-Vegetarian,Cafe,JP Nagar,0,0,0.0,0.087,0.05,0.689,0.174
G070,G070_M3,"Chinese, Kebab",600,Vegetarian,Fine Dining,Banashankari,0,0,0.046,0.273,0.195,0.457,0.029
G070,G070_M4,"Fast Food, Andhra",600,No Preference,Bar,Frazer Town,0,1,0.186,0.014,0.16,0.162,0.478
G071,G071_M1,Mithai,300,Non-Vegetarian,Delivery,Kalyan Nagar,0,1,0.25,0.268,0.353,0.028,0.102
G071,G071_M2,"Cafe, Kerala",600,Vegetarian,Dessert Parlor,Bannerghatta Road,1,0,0.221,0.233,0.385,0.074,0.087
G071,G071_M3,Street Food,1500,No Preference,Bakery,Jayanagar,0,1,0.149,0.298,0.093,0.109,0.351
G071,G071_M4,"Kerala, American",400,Non-Vegetarian,Dessert Parlor,Kalyan Nagar,0,1,0.002,0.102,0.472,0.268,0.155
G072,G072_M1,Ice Cream,1500,Vegetarian,"Beverage Shop, Quick Bites",Whitefield,1,1,0.469,0.111,0.197,0.176,0.047
G072,G072_M2,Mughlai,1500,Vegetarian,"Casual Dining, Bar",New BEL Road,0,1,0.613,0.131,0.023,0.11,0.123
G072,G072_M3,"Biryani, North Indian",1500,No Preference,Mess,Bellandur,0,0,0.031,0.145,0.421,0.27,0.132
G073,G073_M1,Kebab,300,Non-Vegetarian,Cafe,Whitefield,0,1,0.269,0.138,0.014,0.254,0.324
G073,G073_M2,Desserts,400,No Preference,"Takeaway, Delivery",Bannerghatta Road,0,1,0.332,0.072,0.31,0.189,0.098
G073,G073_M3,Continental,600,No Preference,Cafe,Whitefield,0,0,0.135,0.415,0.326,0.117,0.007
G074,G074_M1,"Healthy Food, Bakery",1500,Vegetarian,"Casual Dining, Bar",Banaswadi,0,0,0.054,0.273,0.476,0.113,0.084
G074,G074_M2,Seafood,750,Vegetarian,Beverage Shop,Whitefield,0,0,0.263,0.002,0.373,0.271,0.091
G074,G074_M3,Bakery,1000,Vegetarian,Bakery,Bannerghatta Road,1,1,0.253,0.352,0.044,0.118,0.232
G074,G074_M4,Momos,500,Vegan,Bar,JP Nagar,0,1,0.013,0.676,0.178,0.093,0.041
G074,G074_M5,Rolls,500,Vegetarian,Bakery,Koramangala 5th Block,0,0,0.657,0.084,0.043,0.032,0.185
G075,G075_M1,Kerala,1000,Non-Vegetarian,Casual Dining,Bellandur,1,0,0.226,0.185,0.004,0.251,0.334
G075,G075_M2,Seafood,500,Vegan,Casual Dining,Rajajinagar,0,1,0.188,0.135,0.162,0.017,0.499
G075,G075_M3,"Asian, Andhra",750,No Preference,Cafe,Indiranagar,1,0,0.24,0.071,0.459,0.148,0.082
G075,G075_M4,Juices,1000,Vegetarian,Fine Dining,HSR,1,1,0.043,0.014,0.215,0.688,0.041
G076,G076_M1,"Asian, Street Food",1500,Vegan,"Beverage Shop, Quick Bites",Indiranagar,0,0,0.221,0.063,0.023,0.08,0.613
G076,G076_M2,Seafood,750,No Preference,Casual Dining,New BEL Road,0,1,0.044,0.072,0.102,0.474,0.308
G076,G076_M3,"Mithai, Kebab",400,Vegan,Casual Dining,Indiranagar,0,0,0.158,0.159,0.238,0.237,0.208
G077,G077_M1,"Healthy Food, Juices",750,No Preference,Fine Dining,Sarjapur Road,0,1,0.177,0.2,0.611,0.002,0.011
G077,G077_M2,Juices,1500,Non-Vegetarian,"Takeaway, Delivery",Koramangala 5th Block,1,1,0.104,0.035,0.242,0.524,0.094
G077,G077_M3,Kebab,2000,Vegetarian,Food Court,Bellandur,0,1,0.083,0.019,0.523,0.055,0.321
G077,G077_M4,Healthy Food,1500,Non-Vegetarian,Sweet Shop,BTM,0,0,0.197,0.21,0.114,0.428,0.052
G078,G078_M1,South Indian,600,Non-Vegetarian,"Beverage Shop, Quick Bites",Koramangala 5th Block,0,1,0.169,0.317,0.285,0.005,0.224
G078,G078_M2,Pizza,400,Vegetarian,Casual Dining,Marathahalli,0,0,0.435,0.214,0.036,0.063,0.253
G078,G078_M3,Kerala,500,No Preference,Mess,Whitefield,0,1,0.216,0.264,0.059,0.398,0.063
G078,G078_M4,Bakery,500,No Preference,Bakery,JP Nagar,0,1,0.335,0.389,0.049,0.099,0.127
G079,G079_M1,Healthy Food,600,Non-Vegetarian,"Casual Dining, Bar",JP Nagar,0,0,0.173,0.058,0.142,0.138,0.489
G079,G079_M2,Pizza,300,Vegetarian,Casual Dining,Koramangala 5th Block,0,0,0.273,0.044,0.058,0.544,0.082
G079,G079_M3,Bakery,750,Vegan,Delivery,Whitefield,0,0,0.022,0.064,0.178,0.305,0.43
G080,G080_M1,Italian,1000,No Preference,Fine Dining,Basavanagudi,0,1,0.012,0.58,0.028,0.066,0.315
G080,G080_M2,Continental,2000,No Preference,Sweet Shop,Jayanagar,0,1,0.033,0.032,0.104,0.151,0.681
G080,G080_M3,Desserts,1000,Vegetarian,"Casual Dining, Bar",Whitefield,0,1,0.192,0.107,0.587,0.048,0.066
G080,G080_M4,North Indian,400,Vegetarian,"Beverage Shop, Quick Bites",Koramangala 5th Block,1,0,0.011,0.042,0.485,0.148,0.313
G080,G080_M5,Burger,2000,Vegan,Dessert Parlor,BTM,0,1,0.051,0.024,0.472,0.285,0.168
G081,G081_M1,Mithai,750,Vegetarian,Quick Bites,Bannerghatta Road,1,1,0.133,0.282,0.052,0.257,0.276
G081,G081_M2,"Continental, Momos",600,No Preference,Bakery,Banashankari,0,0,0.45,0.212,0.157,0.088,0.093
G081,G081_M3,Street Food,2000,No Preference,Quick Bites,Koramangala 5th Block,0,1,0.062,0.581,0.088,0.076,0.194
G081,G081_M4,Healthy Food,1500,Vegetarian,Fine Dining,Marathahalli,1,1,0.45,0.007,0.145,0.394,0.004
G082,G082_M1,Seafood,300,Vegan,Food Court,Kalyan Nagar,1,0,0.12,0.171,0.511,0.024,0.174
G082,G082_M2,Bakery,600,Vegetarian,Casual Dining,Banashankari,0,1,0.365,0.489,0.071,0.026,0.049
G082,G082_M3,"Burger, Desserts",400,Vegetarian,"Beverage Shop, Quick Bites",Bellandur,1,1,0.412,0.31,0.17,0.068,0.04
G082,G082_M4,Healthy Food,2000,Vegetarian,Food Court,Basavanagudi,0,1,0.084,0.149,0.204,0.335,0.228
G082,G082_M5,Burger,300,Vegetarian,Sweet Shop,Whitefield,1,1,0.234,0.112,0.451,0.033,0.17
G083,G083_M1,"Bakery, Pizza",600,No Preference,"Takeaway, Delivery",Rajajinagar,0,1,0.141,0.036,0.068,0.654,0.101
G083,G083_M2,"Kebab, Mughlai",2000,Non-Vegetarian,"Beverage Shop, Quick Bites",Frazer Town,0,0,0.091,0.208,0.168,0.208,0.324
G083,G083_M3,North Indian,500,Non-Vegetarian,Mess,JP Nagar,1,1,0.234,0.182,0.184,0.352,0.049
G084,G084_M1,Mughlai,2000,No Preference,Dessert Parlor,Malleshwaram,0,1,0.338,0.005,0.174,0.242,0.24
G084,G084_M2,"Pizza, Seafood",2000,Vegetarian,Quick Bites,Banaswadi,1,0,0.213,0.027,0.656,0.039,0.066
G084,G084_M3,Kebab,400,No Preference,Mess,Banashankari,0,1,0.16,0.08,0.257,0.315,0.188
G084,G084_M4,Biryani,2000,Vegetarian,Food Court,Koramangala 5th Block,1,0,0.115,0.135,0.117,0.284,0.349
G084,G084_M5,Biryani,600,No Preference,Quick Bites,Malleshwaram,1,1,0.014,0.327,0.129,0.356,0.174
G085,G085_M1,Desserts,1000,Vegetarian,Beverage Shop,Bannerghatta Road,0,0,0.133,0.166,0.041,0.177,0.484
G085,G085_M2,"Italian, Arabian",1000,Vegetarian,"Takeaway, Delivery",BTM,1,1,0.11,0.086,0.583,0.21,0.011
G085,G085_M3,"Desserts, Chinese",1500,No Preference,Casual Dining,Banashankari,1,1,0.251,0.065,0.44,0.124,0.12
G085,G085_M4,American,600,No Preference,Delivery,Indiranagar,0,0,0.217,0.016,0.286,0.42,0.061
G085,G085_M5,"Healthy Food, American",1000,Non-Vegetarian,Sweet Shop,Bellandur,1,1,0.266,0.016,0.34,0.019,0.359
G086,G086_M1,Street Food,1500,Vegan,Beverage Shop,BTM,0,0,0.534,0.002,0.02,0.002,0.443
G086,G086_M2,Mithai,400,Vegetarian,Fine Dining,Electronic City,0,0,0.222,0.567,0.135,0.03,0.046
G086,G086_M3,"Asian, Juices",2000,No Preference,Delivery,Bannerghatta Road,0,0,0.185,0.132,0.128,0.513,0.041
G086,G086_M4,"Rolls, Kerala",1500,Vegetarian,Casual Dining,Bannerghatta Road,1,1,0.145,0.183,0.197,0.353,0.121
G087,G087_M1,South Indian,1500,Vegetarian,Cafe,BTM,0,1,0.366,0.061,0.093,0.113,0.367
G087,G087_M2,"Cafe, Salad",1500,Vegan,Casual Dining,New BEL Road,1,1,0.433,0.313,0.114,0.054,0.086
G087,G087_M3,Fast Food,2000,Vegetarian,Delivery,Whitefield,0,1,0.056,0.01,0.378,0.002,0.554
G087,G087_M4,American,1000,Vegetarian,Mess,Rajajinagar,0,0,0.216,0.141,0.201,0.163,0.279
G088,G088_M1,"Kerala, Rolls",500,No Preference,Quick Bites,Frazer Town,0,0,0.311,0.283,0.198,0.069,0.139
G088,G088_M2,Rolls,1000,No Preference,"Takeaway, Delivery",Koramangala 5th Block,0,1,0.373,0.065,0.039,0.091,0.432
G088,G088_M3,Burger,400,Vegan,Quick Bites,Banashankari,0,1,0.102,0.619,0.005,0.069,0.206
G088,G088_M4,"Mithai, Arabian",2000,Vegetarian,Dessert Parlor,Electronic City,0,1,0.129,0.31,0.306,0.068,0.187
G089,G089_M1,South Indian,750,Vegetarian,"Beverage Shop, Quick Bites",Jayanagar,0,0,0.026,0.189,0.219,0.105,0.461
G089,G089_M2,Sandwich,500,No Preference,Bakery,New BEL Road,0,1,0.215,0.214,0.034,0.077,0.46
G089,G089_M3,Kebab,600,Non-Vegetarian,Sweet Shop,Electronic City,0,1,0.115,0.613,0.125,0.004,0.143
G090,G090_M1,Pizza,300,Non-Vegetarian,"Casual Dining, Bar",Koramangala 5th Block,0,0,0.025,0.327,0.452,0.162,0.035
G090,G090_M2,Juices,1000,No Preference,Sweet Shop,Bellandur,0,1,0.144,0.596,0.049,0.066,0.145
G090,G090_M3,Continental,750,Vegetarian,Sweet Shop,BTM,0,1,0.405,0.347,0.046,0.166,0.036
G090,G090_M4,"Street Food, Asian",1000,No Preference,Bakery,JP Nagar,1,1,0.015,0.184,0.124,0.26,0.417
G090,G090_M5,Desserts,750,Vegetarian,Cafe,Koramangala 5th Block,1,0,0.025,0.144,0.27,0.212,0.349
G091,G091_M1,Kerala,750,No Preference,Bakery,Bannerghatta Road,1,0,0.065,0.186,0.539,0.114,0.096
G091,G091_M2,Kebab,2000,Vegetarian,"Beverage Shop, Quick Bites",JP Nagar,0,1,0.595,0.2,0.001,0.085,0.119
G091,G091_M3,"Arabian, Continental",2000,No Preference,Fine Dining,Indiranagar,0,0,0.08,0.476,0.046,0.179,0.219
G091,G091_M4,North Indian,500,Vegetarian,Bar,Rajajinagar,0,0,0.007,0.408,0.141,0.288,0.155
G091,G091_M5,Cafe,600,No Preference,Bakery,Banaswadi,0,1,0.193,0.349,0.113,0.035,0.31
G092,G092_M1,"Desserts, Seafood",600,Non-Vegetarian,Cafe,Kalyan Nagar,0,0,0.022,0.182,0.318,0.339,0.139
G092,G092_M2,"North Indian, Street Food",300,Vegan,Food Court,New BEL Road,0,0,0.12,0.071,0.228,0.331,0.249
G092,G092_M3,"Chinese, Mithai",2000,Vegetarian,Mess,New BEL Road,0,1,0.004,0.305,0.429,0.121,0.141
G092,G092_M4,"Continental, American",1500,Vegetarian,Mess,Marathahalli,1,0,0.232,0.238,0.062,0.084,0.384
G092,G092_M5,"Healthy Food, Kebab",2000,No Preference,Delivery,Kalyan Nagar,0,1,0.24,0.283,0.373,0.09,0.013
G093,G093_M1,Beverages,1500,No Preference,Quick Bites,Rajajinagar,0,0,0.615,0.077,0.128,0.025,0.156
G093,G093_M2,Salad,500,No Preference,Cafe,Sarjapur Road,1,0,0.043,0.092,0.361,0.416,0.088
G093,G093_M3,Chinese,1500,No Preference,Bakery,Basavanagudi,0,0,0.389,0.001,0.244,0.026,0.34
G094,G094_M1,Asian,2000,Vegan,Fine Dining,Bannerghatta Road,0,1,0.338,0.323,0.169,0.103,0.068
G094,G094_M2,Salad,500,Vegetarian,"Casual Dining, Bar",Bellandur,0,0,0.238,0.052,0.352,0.34,0.018
G094,G094_M3,Mughlai,1000,No Preference,Dessert Parlor,New BEL Road,0,0,0.342,0.197,0.324,0.077,0.06
G094,G094_M4,Burger,400,No Preference,Fine Dining,Jayanagar,0,0,0.092,0.39,0.055,0.075,0.389
G095,G095_M1,"Arabian, Seafood",2000,Vegetarian,Casual Dining,Malleshwaram,1,1,0.133,0.298,0.096,0.222,0.251
G095,G095_M2,"Kerala, Desserts",750,No Preference,Bakery,Bellandur,0,1,0.007,0.028,0.758,0.066,0.141
G095,G095_M3,American,1000,No Preference,Quick Bites,Basavanagudi,0,1,0.076,0.444,0.232,0.086,0.161
G095,G095_M4,"American, Rolls",1000,No Preference,Beverage Shop,Kalyan Nagar,1,0,0.041,0.052,0.626,0.177,0.104
G095,G095_M5,Ice Cream,1500,Vegetarian,Dessert Parlor,Basavanagudi,0,1,0.268,0.288,0.29,0.092,0.062
G096,G096_M1,"Biryani, American",750,Vegetarian,Mess,Frazer Town,0,1,0.129,0.13,0.562,0.067,0.113
G096,G096_M2,"North Indian, Italian",2000,Non-Vegetarian,Fine Dining,BTM,0,1,0.089,0.123,0.291,0.084,0.414
G096,G096_M3,American,2000,Non-Vegetarian,Fine Dining,Bellandur,0,0,0.146,0.005,0.477,0.126,0.246
G096,G096_M4,Healthy Food,300,Vegan,Casual Dining,Electronic City,0,0,0.397,0.316,0.102,0.074,0.112
G097,G097_M1,"Street Food, Continental",1000,Vegetarian,Bar,HSR,1,0,0.196,0.415,0.027,0.25,0.112
G097,G097_M2,Pizza,600,Vegetarian,Beverage Shop,Banashankari,0,0,0.082,0.052,0.599,0.24,0.026
G097,G097_M3,Kebab,2000,Vegetarian,Casual Dining,Kalyan Nagar,1,1,0.224,0.467,0.023,0.003,0.284
G098,G098_M1,Chinese,400,Vegetarian,"Beverage Shop, Quick Bites",HSR,1,0,0.061,0.208,0.427,0.163,0.141
G098,G098_M2,Pizza,2000,Vegan,Bakery,JP Nagar,0,1,0.048,0.545,0.142,0.105,0.159
G098,G098_M3,North Indian,300,Vegan,Food Court,Electronic City,1,1,0.557,0.05,0.03,0.008,0.355
G098,G098_M4,Ice Cream,400,Vegetarian,Dessert Parlor,Kalyan Nagar,0,0,0.401,0.07,0.156,0.165,0.208
G099,G099_M1,North Indian,1500,Non-Vegetarian,"Beverage Shop, Quick Bites",Indiranagar,0,0,0.616,0.056,0.325,0.001,0.003
G099,G099_M2,Chinese,1000,Vegetarian,Dessert Parlor,Basavanagudi,0,0,0.029,0.429,0.429,0.092,0.021
G099,G099_M3,"Beverages, Mughlai",300,Vegetarian,Bakery,Bannerghatta Road,0,1,0.081,0.089,0.543,0.203,0.084
G099,G099_M4,Kerala,750,Vegan,Cafe,Kalyan Nagar,0,1,0.053,0.04,0.054,0.421,0.432
G099,G099_M5,Salad,1000,Vegetarian,Sweet Shop,HSR,1,1,0.059,0.026,0.231,0.167,0.517
G100,G100_M1,Sandwich,1500,Vegan,Delivery,New BEL Road,1,1,0.17,0.326,0.01,0.258,0.236
G100,G100_M2,Rolls,2000,Vegetarian,Bar,Basavanagudi,1,1,0.079,0.411,0.311,0.077,0.122
G100,G100_M3,Kebab,500,Vegetarian,Beverage Shop,Electronic City,0,0,0.059,0.471,0.403,0.058,0.008
