Feature,Coefficient
online_order,-0.0001032854711936168
group_size,-1.2931437525964845e-05
cost_for_two,-2.8791757547597793e-07
votes,2.35360965277982e-08
book_table,0.0001795460813047883
booking_match,0.029961975068753158
online_order_match,0.030176541488230457
popularity_score,0.03978913768796577
rating_score,0.050775450729921984
group_agreement,0.09993738667472642
restaurant_type_match,0.10026543477752592
location_match,0.10030322172132283
dietary_compatibility,0.15025351258698966
budget_match,0.19964267483473797
cuisine_match,0.20010603315465145
