rank,name,location,cuisines,rest_type,rating,cost_for_two,suitability_score,cuisine_match,budget_match,dietary_compatibility,restaurant_type_match,location_match,booking_match,online_order_match,online_order,book_table,explanation
1,Kitchens@JP Nagar,JP Nagar,"Biryani, Kerala, Mughlai, Street Food, North Indian, Chinese, South Indian, Andhra","Takeaway, Delivery",3.9,400.0,0.6785179393319664,0.6431792559188275,0.9948630136986302,1.0,0.23980582524271843,0.30051282051282047,0.5,1.0,1,0,"Recommended because of partial cuisine compatibility, within the group's preferred budget, online-order preference satisfied. Caution: dietary options should be verified."
2,Kitchens@BTM,BTM,"Biryani, Kerala, Mughlai, Street Food, North Indian, Chinese, South Indian, Andhra","Takeaway, Delivery",3.9,400.0,0.6452225876225546,0.6431792559188275,0.9948630136986302,1.0,0.23980582524271843,0.0,0.5,1.0,1,0,"Recommended because of partial cuisine compatibility, within the group's preferred budget, online-order preference satisfied. Caution: dietary options should be verified."
3,Kitchens@Whitefield,"Varthur Main Road, Whitefield","Biryani, Kerala, Mughlai, Street Food, North Indian, Chinese, South Indian, Andhra","Takeaway, Delivery",3.7,400.0,0.643677663054102,0.6431792559188275,0.9948630136986302,1.0,0.23980582524271843,0.0,0.5,1.0,1,0,"Recommended because of partial cuisine compatibility, within the group's preferred budget, online-order preference satisfied. Caution: dietary options should be verified."
4,Kerala Tiffin,Whitefield,Kerala,Delivery,3.9,300.0,0.6406928684238208,0.47801578354002255,1.0,1.0,0.23980582524271843,0.28717948717948716,0.5,1.0,1,0,"Recommended because of partial cuisine compatibility, within the group's preferred budget, online-order preference satisfied. Caution: dietary options should be verified."
5,Kitchens@HSR,HSR,"Biryani, Kerala, Mughlai, Street Food, North Indian, Chinese, South Indian, Andhra","Takeaway, Delivery",3.1,200.0,0.6364061011878956,0.6431792559188275,1.0,1.0,0.23980582524271843,0.0,0.5,1.0,1,0,"Recommended because of partial cuisine compatibility, within the group's preferred budget, online-order preference satisfied. Caution: dietary options should be verified."
6,Thalassery Restaurant,Marathahalli,"Kerala, Biryani, South Indian, North Indian, Chinese, Arabian, Beverages",Quick Bites,3.2,500.0,0.6233616577897424,0.47801578354002255,0.9922945205479451,1.0,0.0,0.4123076923076923,0.5,1.0,1,0,"Recommended because of partial cuisine compatibility, within the group's preferred budget, location matches some group members, online-order preference satisfied. Caution: dietary options should be verified."
7,Kudil Kerala Kitchen,Marathahalli,Kerala,Quick Bites,3.8,300.0,0.6229717689247929,0.47801578354002255,1.0,1.0,0.0,0.4123076923076923,0.5,1.0,1,0,"Recommended because of partial cuisine compatibility, within the group's preferred budget, location matches some group members, online-order preference satisfied. Caution: dietary options should be verified."
8,Kerala Mess Upahar,Bellandur,"Kerala, Biryani, South Indian",Mess,3.75,300.0,0.6217857223329364,0.47801578354002255,1.0,1.0,0.36893203883495146,0.0,0.5,1.0,1,0,"Recommended because of partial cuisine compatibility, within the group's preferred budget, online-order preference satisfied. Caution: dietary options should be verified."
9,Kidilum,Marathahalli,"North Indian, Chinese, Kerala",Casual Dining,3.6,450.0,0.6176648604950752,0.47801578354002255,0.9948630136986302,1.0,0.0,0.4123076923076923,0.5,1.0,1,0,"Recommended because of partial cuisine compatibility, within the group's preferred budget, location matches some group members, online-order preference satisfied. Caution: dietary options should be verified."
10,Kerala Mess,Marathahalli,"Kerala, Chinese, South Indian",Mess,3.2,300.0,0.6152607827264925,0.47801578354002255,1.0,1.0,0.36893203883495146,0.4123076923076923,0.5,0.0,0,0,"Recommended because of partial cuisine compatibility, within the group's preferred budget, location matches some group members, online-order preference satisfied. Caution: dietary options should be verified."
